,Text,Reason,Sentiment,Emotion
0,big eyes  binance coin  and aave are your best bet to become financially free  bnb  crypto  cryptocurrency, best bet to become financially free,1.0,Happy
2,build your  nfts on the future of  blockchain  fastest evm chain   2 sec tx finality time  all that and much more  accompanied by delegated proof of stake   getting scalability to new heights  i m super  bullish on  vlx    how bout you  cryptonews  sol  crypto  cryptocurrency,super  bullish,1.0,Happy
4, altcoin  cryptocurrency  cryptocurrency market looks great,market looks great,1.0,Happy
6,cryptocurrencies are gaining popularity all over the world and australia is no exception, gaining popularity,1.0,Happy
7,cryptocurrency market still shaky expect huge volatility this week,market still shaky,1.0,Happy
12,With the new production plant the company would increase its capacity to meet the expected increase in demand and would improve the use of raw materials and therefore increase the production profitability .,increase the production profitability,1.0,Happy
13,"According to the company 's updated strategy for the years 2009-2012 , Basware targets a long-term net sales growth in the range of 20 % -40 % with an operating profit margin of 10 % -20 % of net sales .",net sales growth,1.0,Happy
14,FINANCING OF ASPOCOMP 'S GROWTH Aspocomp is aggressively pursuing its growth strategy by increasingly focusing on technologically more demanding HDI printed circuit boards PCBs .,pursuing its growth strategy,1.0,Happy
15,"For the last quarter of 2010 , Componenta 's net sales doubled to EUR131m from EUR76m for the same period a year earlier , while it moved to a zero pre-tax profit from a pre-tax loss of EUR7m .", net sales doubled,1.0,Happy
16,"In the third quarter of 2010 , net sales increased by 5.2 % to EUR 205.5 mn , and operating profit by 34.9 % to EUR 23.5 mn .",net sales increased,1.0,Happy
17,Operating profit rose to EUR 13.1 mn from EUR 8.7 mn in the corresponding period in 2007 representing 7.7 % of net sales .,Operating profit rose,1.0,Happy
18,"Operating profit totalled EUR 21.1 mn , up from EUR 18.6 mn in 2007 , representing 9.7 % of net sales .",Operating profit up from ,1.0,Happy
19,TeliaSonera TLSN said the offer is in line with its strategy to increase its ownership in core business holdings and would strengthen Eesti Telekom 's offering to its customers .,would strengthen Eesti Telekom,1.0,Happy
21,"Finnish Talentum reports its operating profit increased to EUR 20.5 mn in 2005 from EUR 9.3 mn in 2004 , and net sales totaled EUR 103.3 mn , up from EUR 96.4 mn .",Finnish Talentum operating profit and net sales increase by EUR 10.3 mn in 2005,1.0,Happy
22,"Clothing retail chain Sepps sales increased by 8 % to EUR 155.2 mn , and operating profit rose to EUR 31.1 mn from EUR 17.1 mn in 2004 .", Sepps sales increased by 8 % ,1.0,Happy
23,"Consolidated net sales increased 16 % to reach EUR74 .8 m , while operating profit amounted to EUR0 .9 m compared to a loss of EUR0 .7 m in the prior year period .",net sales increased 16 %,1.0,Happy
24,"Foundries division reports its sales increased by 9.7 % to EUR 63.1 mn from EUR 57.5 mn in the corresponding period in 2006 , and sales of the Machine Shop division increased by 16.4 % to EUR 41.2 mn from EUR 35.4 mn in the corresponding period in 2006 .",sales increased by 9.7 %,1.0,Happy
25,"HELSINKI ( AFX ) - Shares closed higher , led by Nokia after it announced plans to team up with Sanyo to manufacture 3G handsets , and by Nokian Tyres after its fourth-quarter earnings report beat analysts ' expectations , dealers said .",fourth-quarter earnings report beat analysts ' expectations,1.0,Happy
28,"Lifetree was founded in 2000 , and its revenues have risen on an average by 40 % with margins in late 30s .", revenues have risen  by 40 %,1.0,Happy
30,"MegaFon 's subscriber base increased 16.1 % in 2009 to 50.5 million users as of December 31 , while its market share by the number of customers amounted to 24 % as of late 2009 , up from 23 % as of late 2008 , according to TeliaSonera estimates .",MegaFon 's subscriber base increased 16.1 %,1.0,Happy
31,"Net income from life insurance doubled to EUR 6.8 mn from EUR 3.2 mn , and net income from non-life insurance rose to EUR 5.2 mn from EUR 1.5 mn in the corresponding period in 2009 .",Net income from life insurance doubled,1.0,Happy
32,Net sales increased to EUR193 .3 m from EUR179 .9 m and pretax profit rose by 34.2 % to EUR43 .1 m. ( EUR1 = USD1 .4 ),Net sales increased,1.0,Happy
33,"Net sales surged by 18.5 % to EUR167 .8 m. Teleste said that EUR20 .4 m , or 12.2 % , of the sales came from the acquisitions made in 2009 .",Net sales surged by 18.5 %,1.0,Happy
34,Nordea Group 's operating profit increased in 2010 by 18 percent year-on-year to 3.64 billion euros and total revenue by 3 percent to 9.33 billion euros .,operating profit and total revenue increased,1.0,Happy
35,"Operating profit for the nine-month period increased from EUR13 .6 m , while net sales increased from EUR394 .7 m , as compared to the corresponding period in 2005 .",operating profit and net slaes increased,1.0,Happy
36,"Operating profit for the nine-month period increased from EUR3 .1 m and net sales increased from EUR61 .5 m , as compared to the corresponding period in 2007 .",operating profit and net slaes increased,1.0,Happy
37,"Operating profit for the three-month period increased from EUR1 .2 m , while revenue increased from EUR20 .2 m , as compared to the corresponding period in 2005 .",operating profit and revenue increased,1.0,Happy
39,"The company 's net profit rose 11.4 % on the year to 82.2 million euros in 2005 on sales of 686.5 million euros , 13.8 % up on the year , the company said earlier .",company 's net profit and sales increased,1.0,Happy
40,"The Lithuanian beer market made up 14.41 million liters in January , a rise of 0.8 percent from the year-earlier figure , the Lithuanian Brewers ' Association reporting citing the results from its members .", Lithuanian beer market grew 14.41 million liters in January,1.0,Happy
41,"Viking Line 's cargo revenue increased by 5.4 % to EUR 21.46 mn , and cargo volume increased by 2.4 % to 70,116 cargo units .",Viking Line 's cargo revenue and volumn increased,1.0,Happy
43,10 February 2011 - Finnish media company Sanoma Oyj HEL : SAA1V said yesterday its 2010 net profit almost tripled to EUR297 .3 m from EUR107 .1 m for 2009 and announced a proposal for a raised payout .,net profit almost tripled to EUR297 .3 m from EUR107 .1 m,1.0,Happy
44,"A Helsinki : ELIiV today reported EPS of EUR1 .13 for 2009 , an increase over EPS of EUR1 .12 in 2008 .",increase over EPS of EUR1 .12 in 2008,1.0,Happy
46,"Commission income increased by 22 % to EUR 4.4 mn , and lending volume rose by 13.5 % .",income increased by 22 %,1.0,Happy
47,"In January , traffic , measured in revenue passenger kilometres RPK , went up by 3.2 % and capacity , measured in available seat kilometres ASK , rose by 12.2 % .",traffic revenue went up by 3.2 %,1.0,Happy
48,"In January-September 2010 , Fiskars ' net profit went up by 14 % year-on-year to EUR 65.4 million and net sales to EUR 525.3 million from EUR 487.7 million .", Fiskars' net profit went up by 14 % year-on-year,1.0,Happy
49,"Net income from life insurance rose to EUR 16.5 mn from EUR 14.0 mn , and net income from non-life insurance to EUR 22.6 mn from EUR 15.2 mn in 2009 .",Net income from life insurance and  non-life insurance rose,1.0,Happy
51,Sales have risen in other export markets .,Sales have risen,1.0,Happy
52,Sales increased due to growing market rates and increased operations .,Sales increased,1.0,Happy
53,The agreement strengthens our long-term partnership with Nokia Siemens Networks .,strengthens our long-term partnership,1.0,Happy
55,The company also estimates the already carried out investments to lead to an increase in its net sales for 2010 from 2009 when they reached EUR 141.7 million .,increase in its net sales for 2010,1.0,Happy
56,"The company 's order book stood at 1.5 bln euro $ 2.2 bln on September 30 , 2007 , up by 24.2 pct on the year , with international orders amounting to 365 mln euro $ 534.3 mln .",The company 's order book up by  24.2 pct,1.0,Happy
57,"The company said that paper demand increased in all of its main markets , including of publication papers , and that it increased average paper prices by 4 percent compared with last year .",paper demand and average paper prices increased,1.0,Happy
58,Circulation revenue has increased by 5 % in Finland and 4 % in Sweden in 2008 .,Circulation revenue revenue increased,1.0,Happy
59,Operating profit margin increased from 11.2 % to 11.7 % .,Operating  profit margin increased ,1.0,Happy
62,"Again , the most significant sales increase of 18.6 % was in Russia .",sales increase,1.0,Happy
63,Alma Media expects its net sales to increase as forecast previously .,sales increase,1.0,Happy
64,Also Lemmink inen 's profit for accounting period went up to EUR 3.1 mn from EUR -24.5 mn a year ago .,went up,1.0,Happy
65,"At the end of March 2007 , the group 's order book was at EUR 39.6 mn , up 42 % from the corresponding period in 2006 .",up,1.0,Happy
66,"At the same time profit of the company increased by 10 % in H1 and reached Ls 79,000 .",profit increased,1.0,Happy
67,"Besides we have increased the share of meat in various sausages and are offering a number of new tastes in the grill products and shish kebabs segment , '' Paavel said .",increased the share,1.0,Happy
68,"Both operating profit and net sales for the 12-month period increased , respectively from EUR10 .5 m and EUR28 .8 m , as compared to the financial year 2004 .",Operating profit and net sales increased,1.0,Happy
69,"Both operating profit and net sales for the 12-month period increased , respectively from EUR20 .8 m and EUR177 .7 m , as compared to the financial year 2004 .",Operating profit and net sales increased,1.0,Happy
70,Cargo volume grew by 7 % .,grew,1.0,Happy
71,Cargo volume increased by approximately 5 % .,Cargo volume increased,1.0,Happy
74,"The Helsinki-based company , which also owns the Salomon , Atomic and Suunto brands , said net profit rose 15 percent in the three months through Dec. 31 to (  x20ac ) 47 million ( $ 61US million ) , from (  x20ac ) 40.8 million a year earlier .",net profit rose 15 percent in the three months,1.0,Happy
75,"We also strengthen our existing partnership with Cybercom '' , says Teleste CTO Esko Myllyla .",strengthen existing partnership with Cybercom,1.0,Happy
76,Net sales surged by 30 % to EUR 36 million .,sales surged by 30 %,1.0,Happy
79,cryptocurrency market still shaky expect huge volatility this week,cryptocurrency market still shaky and volatility,1.0,Happy
50,"Sales for both the Department Store Division and Hobby Hall increased by 7 % , while sales for the clothing store subsidiary Seppala decreased by 4 % .",Sales for both the Department Store Division and Hobby Hall increased by 7 %,-1.0,Unhappy
78,One of the challenges in the oil production in the North Sea is scale formation that can plug pipelines and halt production ., scale formation in North Sea can plug pipelines and halt production,-1.0,Unhappy
1,as the asian trading session begins  the global  cryptocurrency market cap is up 68  in the last hours  however  of the top coins  prices are down     bitcoin  341  76      ethereum  711  79 ,global  cryptocurrency market cap is up 68,0.0,Confused
3,meet the elon musk deep fakes being used to promote crypto scams, promote crypto scams,0.0,Confused
5,you really need a level head when you  trade  you cant trade with emotions btc  eth  matic bullish  cryptocurrency,bullish  cryptocurrency,0.0,Confused
8,that crypto currency cant be trusted was revealed to us after trudeau took control over gofundme  giveandgo  and crypto  canada is a dictatorship if emperor trudeau doesn t like the charity you donate to  your account will be frozen and you may go to jail, crypto currency cant be trusted,0.0,Confused
9,ethereum mining alternative ravencoin jumps ahead of the merge,ravencoin jumps ahead of the merge,0.0,Confused
10,the current price of bitcoin is  329  it has increased by 107  in the last hours  bitcoin  btc  cryptocurrency,current price of bitcoin is  329  it has increased by 107,0.0,Confused
11,"The international electronic industry company Elcoteq has laid off tens of employees from its Tallinn facility ; contrary to earlier layoffs the company contracted the ranks of its office workers , the daily Postimees reported .",laid off tens of employees,0.0,Confused
20,"STORA ENSO , NORSKE SKOG , M-REAL , UPM-KYMMENE Credit Suisse First Boston ( CFSB ) raised the fair value for shares in four of the largest Nordic forestry groups .", raised the fair ,0.0,Confused
26,"Incap Contract Manufacturing Services Pvt Ltd , a subsidiary of Incap Corporation of Finland , plans to double its revenues by 2007-2008 .", double its revenues,0.0,Confused
27,"Its board of directors will propose a dividend of EUR0 .12 per share for 2010 , up from the EUR0 .08 per share paid in 2009 .",share up,0.0,Confused
29,"( Filippova ) A trilateral agreement on investment in the construction of a technology park in St Petersburg was to have been signed in the course of the forum , Days of the Russian Economy , that opened in Helsinki today .", investment in the construction ,0.0,Confused
38,"The Brazilian unit of Finnish security solutions provider F-Secure signed up 1,500 new clients last year , online news source Reseller Web quoted the division 's commercial director , Vladimir Brand+_o , as saying .", signed up  new clients last year,0.0,Confused
42,"The fair value of the property portfolio doubled as a result of the Kapiteeli acquisition and totalled EUR 2,686.2 1,259.7 million .",The fair value of the property portfolio doubled,0.0,Confused
45,"Aspo Plc STOCK EXCHANGE RELEASE February 11 , 2011 at8 .45 a.m. ESL Shipping Ltd , part of Aspo Group , has signed a new , long-term contract with Rautaruukki Corporation for the marine transport of raw materials on the Baltic Sea .",New long-term contract with Rautaruukki Corporation for marine transport,0.0,Confused
54,"The agreement was signed with Biohit Healthcare Ltd , the UK-based subsidiary of Biohit Oyj , a Finnish public company which develops , manufactures and markets liquid handling products and diagnostic test systems .",Agreement signed with Biohit Healthcare Ltd and subsidiary of Biohit Oyj,0.0,Confused
60,Ruukki announced that it has signed an agreement with Aker Solutions of Norway to supply 24 suction anchors in September 2010 from its Kalajoki unit in Finland .,signed an agreemen,0.0,Confused
61,"After the takeover , Cramo will become the second largest rental services provider in the Latvian market .",Cramo will become the second largest rental services provider in the Latvian market,0.0,Confused
72,The firm generated sales of 187 mln eur in 2005 .,firm generated sales,0.0,Confused
73,"The German company has also signed a code share agreement with another Oneworld member -- American Airlines Inc , part of US-based AMR Corp ( NYSE : AMR ) .",German company has signed a code share agreement with American Airlines Inc,0.0,Confused
77,A tinyurl link takes users to a scamming site promising that users can earn thousands of dollars by becoming a Google ( NASDAQ : GOOG ) Cash advertiser .,tinyurl link takes users to a scamming site,0.0,Confused
0,big eyes  binance coin  and aave are your best bet to become financially free  bnb  crypto  cryptocurrency, best bet to become financially free,1.0,Happy
1,as the asian trading session begins  the global  cryptocurrency market cap is up 68  in the last hours  however  of the top coins  prices are down     bitcoin  341  76      ethereum  711  79 ,global  cryptocurrency market cap is up 68,1.0,Unhappy
2,build your  nfts on the future of  blockchain  fastest evm chain   2 sec tx finality time  all that and much more  accompanied by delegated proof of stake   getting scalability to new heights  i m super  bullish on  vlx    how bout you  cryptonews  sol  crypto  cryptocurrency,super  bullish,1.0,Happy
3,meet the elon musk deep fakes being used to promote crypto scams, promote crypto scams,-1.0,Confused
4, altcoin  cryptocurrency  cryptocurrency market looks great,market looks great,1.0,Confused
5,you really need a level head when you  trade  you cant trade with emotions btc  eth  matic bullish  cryptocurrency,bullish  cryptocurrency,1.0,Happy
6,cryptocurrencies are gaining popularity all over the world and australia is no exception, gaining popularity,1.0,Happy
7,cryptocurrency market still shaky expect huge volatility this week,market still shaky,-1.0,Confused
8,that crypto currency cant be trusted was revealed to us after trudeau took control over gofundme  giveandgo  and crypto  canada is a dictatorship if emperor trudeau doesn t like the charity you donate to  your account will be frozen and you may go to jail, crypto currency cant be trusted,-1.0,Unhappy
9,ethereum mining alternative ravencoin jumps ahead of the merge,ravencoin jumps ahead of the merge,1.0,Confused
10,the current price of bitcoin is  329  it has increased by 107  in the last hours  bitcoin  btc  cryptocurrency,current price of bitcoin is  329  it has increased by 107,1.0,Confused
11,"The international electronic industry company Elcoteq has laid off tens of employees from its Tallinn facility ; contrary to earlier layoffs the company contracted the ranks of its office workers , the daily Postimees reported .",laid off tens of employees,-1.0,Confused
12,With the new production plant the company would increase its capacity to meet the expected increase in demand and would improve the use of raw materials and therefore increase the production profitability .,increase the production profitability,1.0,Happy
13,"According to the company 's updated strategy for the years 2009-2012 , Basware targets a long-term net sales growth in the range of 20 % -40 % with an operating profit margin of 10 % -20 % of net sales .",net sales growth,1.0,Confused
14,FINANCING OF ASPOCOMP 'S GROWTH Aspocomp is aggressively pursuing its growth strategy by increasingly focusing on technologically more demanding HDI printed circuit boards PCBs .,pursuing its growth strategy,1.0,Happy
15,"For the last quarter of 2010 , Componenta 's net sales doubled to EUR131m from EUR76m for the same period a year earlier , while it moved to a zero pre-tax profit from a pre-tax loss of EUR7m .", net sales doubled,1.0,Happy
16,"In the third quarter of 2010 , net sales increased by 5.2 % to EUR 205.5 mn , and operating profit by 34.9 % to EUR 23.5 mn .",net sales increased,1.0,Happy
17,Operating profit rose to EUR 13.1 mn from EUR 8.7 mn in the corresponding period in 2007 representing 7.7 % of net sales .,Operating profit rose,1.0,Confused
18,"Operating profit totalled EUR 21.1 mn , up from EUR 18.6 mn in 2007 , representing 9.7 % of net sales .",up from ,1.0,Confused
19,TeliaSonera TLSN said the offer is in line with its strategy to increase its ownership in core business holdings and would strengthen Eesti Telekom 's offering to its customers ., increase ,1.0,Confused
20,"STORA ENSO , NORSKE SKOG , M-REAL , UPM-KYMMENE Credit Suisse First Boston ( CFSB ) raised the fair value for shares in four of the largest Nordic forestry groups .", raised the fair ,1.0,Confused
21,"A purchase agreement for 7,200 tons of gasoline with delivery at the Hamina terminal , Finland , was signed with Neste Oil OYj at the average Platts index for this September plus eight US dollars per month .", plus,1.0,Happy
22,"Finnish Talentum reports its operating profit increased to EUR 20.5 mn in 2005 from EUR 9.3 mn in 2004 , and net sales totaled EUR 103.3 mn , up from EUR 96.4 mn .", up from,1.0,Confused
23,"Clothing retail chain Sepp+Ãâ l+Ãâ  's sales increased by 8 % to EUR 155.2 mn , and operating profit rose to EUR 31.1 mn from EUR 17.1 mn in 2004 .",sales increased ,1.0,Confused
24,"Consolidated net sales increased 16 % to reach EUR74 .8 m , while operating profit amounted to EUR0 .9 m compared to a loss of EUR0 .7 m in the prior year period .",sales increased ,1.0,Happy
25,"Foundries division reports its sales increased by 9.7 % to EUR 63.1 mn from EUR 57.5 mn in the corresponding period in 2006 , and sales of the Machine Shop division increased by 16.4 % to EUR 41.2 mn from EUR 35.4 mn in the corresponding period in 2006 .",sales increased ,1.0,Happy
26,"HELSINKI ( AFX ) - Shares closed higher , led by Nokia after it announced plans to team up with Sanyo to manufacture 3G handsets , and by Nokian Tyres after its fourth-quarter earnings report beat analysts ' expectations , dealers said .",higher,1.0,Confused
27,"Incap Contract Manufacturing Services Pvt Ltd , a subsidiary of Incap Corporation of Finland , plans to double its revenues by 2007-2008 .", double its revenues,1.0,Confused
28,"Its board of directors will propose a dividend of EUR0 .12 per share for 2010 , up from the EUR0 .08 per share paid in 2009 .", up from ,1.0,Confused
29,"Lifetree was founded in 2000 , and its revenues have risen on an average by 40 % with margins in late 30s .", revenues have risen ,1.0,Happy
30,"( Filippova ) A trilateral agreement on investment in the construction of a technology park in St Petersburg was to have been signed in the course of the forum , Days of the Russian Economy , that opened in Helsinki today .", investment in the construction ,1.0,Confused
31,"MegaFon 's subscriber base increased 16.1 % in 2009 to 50.5 million users as of December 31 , while its market share by the number of customers amounted to 24 % as of late 2009 , up from 23 % as of late 2008 , according to TeliaSonera estimates .", increased ,1.0,Confused
32,"Net income from life insurance doubled to EUR 6.8 mn from EUR 3.2 mn , and net income from non-life insurance rose to EUR 5.2 mn from EUR 1.5 mn in the corresponding period in 2009 .", doubled ,1.0,Confused
33,Net sales increased to EUR193 .3 m from EUR179 .9 m and pretax profit rose by 34.2 % to EUR43 .1 m. ( EUR1 = USD1 .4 ), increased ,1.0,Happy
34,"Net sales surged by 18.5 % to EUR167 .8 m. Teleste said that EUR20 .4 m , or 12.2 % , of the sales came from the acquisitions made in 2009 .", surged,1.0,Confused
35,Nordea Group 's operating profit increased in 2010 by 18 percent year-on-year to 3.64 billion euros and total revenue by 3 percent to 9.33 billion euros ., increased ,1.0,Happy
36,"Operating profit for the nine-month period increased from EUR13 .6 m , while net sales increased from EUR394 .7 m , as compared to the corresponding period in 2005 .", increased ,1.0,Happy
37,"Operating profit for the nine-month period increased from EUR3 .1 m and net sales increased from EUR61 .5 m , as compared to the corresponding period in 2007 .", increased ,1.0,Happy
38,"Operating profit for the three-month period increased from EUR1 .2 m , while revenue increased from EUR20 .2 m , as compared to the corresponding period in 2005 .", increased ,1.0,Happy
39,"The Brazilian unit of Finnish security solutions provider F-Secure signed up 1,500 new clients last year , online news source Reseller Web quoted the division 's commercial director , Vladimir Brand+_o , as saying .", signed up,1.0,Happy
40,"The company 's net profit rose 11.4 % on the year to 82.2 million euros in 2005 on sales of 686.5 million euros , 13.8 % up on the year , the company said earlier .",rose,1.0,Happy
41,"The Lithuanian beer market made up 14.41 million liters in January , a rise of 0.8 percent from the year-earlier figure , the Lithuanian Brewers ' Association reporting citing the results from its members .",rise,1.0,Confused
42,"Viking Line 's cargo revenue increased by 5.4 % to EUR 21.46 mn , and cargo volume increased by 2.4 % to 70,116 cargo units .", increased,1.0,Happy
43,"The fair value of the property portfolio doubled as a result of the Kapiteeli acquisition and totalled EUR 2,686.2 1,259.7 million .",doubled,1.0,Happy
44,10 February 2011 - Finnish media company Sanoma Oyj HEL : SAA1V said yesterday its 2010 net profit almost tripled to EUR297 .3 m from EUR107 .1 m for 2009 and announced a proposal for a raised payout .,"tripled , raised",1.0,Happy
45,"A Helsinki : ELIiV today reported EPS of EUR1 .13 for 2009 , an increase over EPS of EUR1 .12 in 2008 .", increased,1.0,Happy
46,"Aspo Plc STOCK EXCHANGE RELEASE February 11 , 2011 at8 .45 a.m. ESL Shipping Ltd , part of Aspo Group , has signed a new , long-term contract with Rautaruukki Corporation for the marine transport of raw materials on the Baltic Sea .", signed,1.0,Happy
47,"Commission income increased by 22 % to EUR 4.4 mn , and lending volume rose by 13.5 % .", increased,1.0,Happy
48,"In January , traffic , measured in revenue passenger kilometres RPK , went up by 3.2 % and capacity , measured in available seat kilometres ASK , rose by 12.2 % .",rose,1.0,Happy
49,"In January-September 2010 , Fiskars ' net profit went up by 14 % year-on-year to EUR 65.4 million and net sales to EUR 525.3 million from EUR 487.7 million .",went up,1.0,Happy
50,"Net income from life insurance rose to EUR 16.5 mn from EUR 14.0 mn , and net income from non-life insurance to EUR 22.6 mn from EUR 15.2 mn in 2009 .",rose,1.0,Confused
51,"Nyrstar has also agreed to supply to Talvivaara up to 150,000 tonnes of sulphuric acid per annum for use in Talvivaara 's leaching process during the period of supply of the zinc in concentrate .",agreed,1.0,Happy
52,"Sales for both the Department Store Division and Hobby Hall increased by 7 % , while sales for the clothing store subsidiary Seppala decreased by 4 % .",increased,1.0,Happy
53,Sales have risen in other export markets .,risen,1.0,Confused
54,Sales increased due to growing market rates and increased operations .,"increased, growing",1.0,Happy
55,The agreement strengthens our long-term partnership with Nokia Siemens Networks ., strengthens,1.0,Happy
56,"The agreement was signed with Biohit Healthcare Ltd , the UK-based subsidiary of Biohit Oyj , a Finnish public company which develops , manufactures and markets liquid handling products and diagnostic test systems .",signed,1.0,Happy
57,The company also estimates the already carried out investments to lead to an increase in its net sales for 2010 from 2009 when they reached EUR 141.7 million .,increased,1.0,Happy
58,"The company 's order book stood at 1.5 bln euro $ 2.2 bln on September 30 , 2007 , up by 24.2 pct on the year , with international orders amounting to 365 mln euro $ 534.3 mln .",up by ,1.0,Happy
59,"The company said that paper demand increased in all of its main markets , including of publication papers , and that it increased average paper prices by 4 percent compared with last year .",increased,1.0,Happy
60,"The world 's second largest stainless steel maker said net profit in the three-month period until Dec. 31 surged to euro603 million US$ 781 million , or euro3 .33 US$ 4.31 per share , from euro172 million , or euro0 .94 per share , the previous year .",surged,1.0,Confused
61,"Within the framework of the partnership , Nokia Siemens Networks has signed an initial framework purchase agreement with Sitronics subsidiary , JSC Mikron , which is the largest manufacturer and exporter of microelectronic components in Russia .", signed,1.0,Happy
62,"Seppala 's revenue increased by 0.2 % to EUR10 .1 m. In Finland , revenue went down by 2.4 % to EUR6 .8 m , while sales abroad rose by 6.2 % to EUR3 .3 m. Sales increased in all the Baltic countries as well as in Russia and Ukraine .",increased,1.0,Happy
63,"Shares of Standard Chartered ( STAN ) rose 1.2 % in the FTSE 100 , while Royal Bank of Scotland ( RBS ) shares rose 2 % and Barclays shares ( BARC ) ( BCS ) were up 1.7 % .",rose,1.0,Happy
64,Shares of Nokia Corp. rose Thursday after the cell phone maker said its third-quarter earnings almost doubled and its share of the global handset market increased .,rose,1.0,Happy
65,"In its financial report , published on Friday , SEB said its net profit soared to SEK6 .745 bn in 2010 from a year-earlier SEK1 .114 bn and proposed a 50 % dividend increase to SEK1 .50 per share .", soared,1.0,Confused
66,Sales for the Department Store Division increased by 15 % and sales for the clothing store subsidiary Seppala increased by 8 % Meanwhile sales for Hobby Hall decreased by 12 % ., sales increased,1.0,Happy
67,"At first the contract envisaged the construction of three ferryboats with an option for two more units , further confirmed at a total value of 500 mln euro ( $ 645.8 mln ) .",more ,1.0,Happy
68,"KESKO CORPORATION STOCK EXCHANGE RELEASE 28.02.2008 AT 09.30 1 ( 1 ) Kesko Corporation and Aspo plc today signed an agreement by which Aspo acquires the share capital of Kauko-Telko Ltd , a subsidiary wholly owned by Kesko .", signed,1.0,Happy
69,Sponda Plc Stock Exchange Release 5 December 2006 at 15.45 EUR 1.5 BILLION SYNDICATED CREDIT FACILITY FOR SPONDA Sponda has signed an agreement for a one-year syndicated credit facility for a total of EUR 1.5 billion ., signed an agreement,1.0,Happy
70,"The contract covers HDO platform , AC800 and CXE880 optical Fttb nodes designed to increase the forward and return path capacity of the transmission networks .",increase,1.0,Confused
71,"The OMX Helsinki 25 index was up 0.92 pct at 2,518.67 and the Helsinki CAP portfolio index was 0.91 pct higher at 4,711.19 .",up,1.0,Happy
72,"Rinkuskiai raised the sales by 18.1 percent , to 1.37 million liters , while the sales of Kauno Alus grew by 14.3 percent , to 960,000 liters .",raised,1.0,Happy
73,TELECOMWORLDWIRE-7 April 2006-TJ Group Plc sells stake in Morning Digital Design Oy Finnish IT company TJ Group Plc said on Friday 7 April that it had signed an agreement on selling its shares of Morning Digital Design Oy to Edita Oyj ., signed an agreement,1.0,Happy
74,Under this agreement Biohit becomes a focus supplier of pipettors and disposable pipettor tips to VWR customers throughout Europe .,supplier,1.0,Confused
75,"The combination of all services enabling us to offer a complex and strengthened service chain not only limited to the Baltic port connections but also for getting access to the world wide Grimaldi Network into the Mediterranean , Africa and North America `` says Uwe Bakosch .",strengthened,1.0,Confused
76,"The company still expects its turnover in 2010 to slightly increase from the level of 2009 , adding that `` market predictability is still too poor for trustworthy forecasts on the market development of the contract manufacturing business during the current year '' .",increase,1.0,Confused
77,The acquisition will considerably increase Kemira 's sales and market position in the Russian metal industry coatings market .,increase,1.0,Happy
78,"In January-September 2007 , Finnlines ' net sales rose to EUR 505.4 mn from EUR 473.5 mn in the corresponding period in 2006 .",rose,1.0,Happy
79,"Adjusted for changes in the Group structure , the Division 's net sales increased by 1.7 % .",increased,1.0,Happy
80,"`` The change will optimize the operational efficiencies of our growing business , '' said Julia Prohaska , director of marketing communications for Fiskars .",growing,1.0,Confused
81,"`` They would invest not only in the physical infrastructure , but would also provide know-how for managing and developing science and technology parks , '' said Sunrise Valley director Andrius Bagdonas .",invest,1.0,Confused
82,"4 February 2011 - Finnish broadband data communication systems provider Teleste Oyj HEL : TLT1V saw its net profit jump to EUR2 .1 m for the last quarter of 2010 from EUR995 ,000 for the same period of 2009 .",profit jump,1.0,Happy
83,Finnish Aktia Group 's operating profit rose to EUR 17.5 mn in the first quarter of 2010 from EUR 8.2 mn in the first quarter of 2009 .,rose,1.0,Happy
84,Finnish Bank of +_land 's consolidated net operating profit increased from EUR 4.8 mn in the first quarter of 2005 to EUR 6.4 mn in the first quarter of 2006 .,increased,1.0,Happy
85,"Finnish financial group Aktia reports operating profit of EUR 44.4 mn in January-September 2009 , up from EUR 37.3 mn in the corresponding period in 2008 .",up from ,1.0,Happy
86,"Finnish high technology provider Vaahto Group reports net sales of EUR 41.8 mn in the accounting period September 2007 - February 2008 , an increase of 11.2 % from a year earlier .",increased,1.0,Happy
87,Net sales of Finnish food industry company L+Ãâ nnen Tehtaat 's continuing operations increased by 13 % in 2008 to EUR 349.1 mn from EUR 309.6 mn in 2007 .,increased,1.0,Happy
88,An individual promotion also generated slightly higher-than-expected revenues .,higher,1.0,Confused
89,Biohit already services many current Genesis customers and the customer base is expected to expand as a result of this agreement .,expand,1.0,Happy
90,"Both operating profit and turnover for the three-month period increased , respectively from EUR0 .9 m and EUR8 .3 m , as compared to the corresponding period in 2005 .",increased,1.0,Happy
91,Circulation revenue has increased by 5 % in Finland and 4 % in Sweden in 2008 .,revenue increased,1.0,Confused
92,Clothing chain Sepp+Ãâ l+Ãâ  's net sales increased by 7.0 % to EUR 30.8 mn ., sales increased,1.0,Happy
93,Construction volumes meanwhile grow at a rate of 10-15 percent annually .,grow,1.0,Confused
94,Finnish and Swedish construction markets are still experiencing an estimated 4 % annual growth in 2008 .,growth,1.0,Confused
95,"However , Biohit estimates its total net sales will continue to grow in 2009 , and that favourable trends in net sales will lead to a profit in 2009 .",grow,1.0,Happy
96,"In 2009 , Fiskars ' cash flow from operating activities amounted to EUR121m , up from EUR97m in the previous year .",uo from,1.0,Happy
97,"In Lithuania , operating profit rose to EUR 190,000 from EUR 70,000 in the corresponding period in 2005 .",rose,1.0,Confused
98,"In the fourth quarter of 2008 , net sales increased by 2 % to EUR 1,050.7 mn from EUR 1,027.0 mn in the fourth quarter of 2007 .", sales increased,1.0,Happy
99,"International sales rose by 59.8 % to EUR 1,244.4 mn .",rose,1.0,Happy
100,Net sales grew in the period to  x20ac 402 million $ 585US million from  x20ac 401 million in 2006 .,grew,1.0,Confused
101,Net sales increased to EUR655m in April to June 2010 from EUR438m a year earlier .,sales increased,1.0,Happy
102,"Net sales rose by 25.5 % year-on-year to EUR59 .6 m , as the number of chargers delivered went up by 41 % to 65.9 million pieces .",rose,1.0,Happy
103,"Net sales totaled EUR 93.6 mn , up from EUR 93.2 mn in the corresponding period in 2005 .",up from ,1.0,Confused
104,"Nokia also noted the average selling price of handsets declined during the period , though its mobile phone profit margin rose to more than 22 percent from 13 percent in the year-ago quarter .", profit margin rose,1.0,Confused
105,Operating profit increased by 145.1 % to EUR 8.3 mn from EUR 3.4 mn .,profit increased,1.0,Confused
106,Operating profit margin increased from 11.2 % to 11.7 % ., profit margin increased ,1.0,Confused
107,Operating profit rose to EUR 3.11 mn from EUR 1.22 mn in the corresponding period in 2009 ., profit rose ,1.0,Happy
108,Operating profit rose to EUR 5mn from EUR 2.8 mn in the fourth quarter of 2008 .,profit rose,1.0,Happy
109,"Operating profit was EUR 24.5 mn , up from EUR 23.0 mn .",up from ,1.0,Confused
110,"Ramirent 's net sales in the second quarterended June 30 were EURO 128.7 million about U.S. $ 163 million , a 3.3-percent increase compared with EURO 124.6 million for thesecond quarter last year .",increase,1.0,Confused
111,"Revenue grew by 2 percent to  x20ac 580 million $ 743 million , from  x20ac 569 million .",grew,1.0,Happy
112,Ruukki announced that it has signed an agreement with Aker Solutions of Norway to supply 24 suction anchors in September 2010 from its Kalajoki unit in Finland .,signed an agreemen,1.0,Happy
113,"Ruukki 's delivery volumes and selling prices showed favourable development and the company 's comparable net sales grew by 50 % year-on-year to EUR647m , CEO Sakari Tamminen said .",development,1.0,Happy
114,Sanoma Magazines ' net sales are estimated to grow in 2006 .,grow,1.0,Confused
115,The bank forecasts Finland 's GDP will grow by 2 % in 2010 and in 2011 .,grow,1.0,Confused
116,"The circuit 's overall production rate on a weekly basis is now in excess of an average of 40,000 tonnes per day , with volumes in excess of 50,000 tonnes per day being reached on individual days .", excess,1.0,Confused
117,"The company 's consolidated operating profit amounted to EUR 15.86 mn , up from EUR 4.14 mn year-on-year .",up from ,1.0,Confused
118,The Department Store Division reported an increase in sales of 4 per cent .,increase,1.0,Happy
119,The fair value of the company 's investment properties grew to EUR 2.803 billion at the end of March 2009 from EUR 2.691 million a year ago .,grew,1.0,Happy
120,"The last quarter was the best quarter of 2009 in net sales , and the operating margin rose to 12.2 % .",rose,1.0,Confused
121,"The major breweries increased their domestic beer sales by 4.5 per cent last year , to 256.88 million litres from 245.92 million litres in 2004 .", increased,1.0,Happy
122,"The transaction doubles Tecnomens workforse , and adds a fourth to their net sales .",doubles,1.0,Confused
123,- Operating profit rose by 26.9 % to EUR 105.8 ( 83.4 ) million .,rose,1.0,Happy
124,"`` After this purchase , Cramo will become the second largest rental services provider in the Latvian market .", largest ,1.0,Confused
125,"`` The priority for 2009 was to strengthen the company 's balance sheet and increase cash flow , '' CEO Hannu Krook said .",increase,1.0,Confused
126,`` The purchase of the operations is part of YIT 's strategy to expand its offering of building system services geographically . '',expand,1.0,Happy
127,21 October 2010 - Finnish fishing tackle company Rapala VMC Corp ( HEL : RAP1V ) said today its net profit rose to EUR18 .9 m for the first nine months of 2010 from EUR15 .1 m for the same period a year earlier .,rose,1.0,Happy
128,"According to Finnish Metso Minerals , the value of the company 's orders has gone up to EUR 1.9 bn in 12 months .",gone up,1.0,Unhappy
129,Finnish Aldata Solution has signed a contract of supply its G.O.L.D. system to two French retail chains ., signed,1.0,Happy
130,Finnish Bank of +_land reports its operating profit rose to EUR 21.3 mn in the second quarter of 2009 from EUR 6.1 mn in the corresponding period in 2008 .,rose,1.0,Confused
131,Finnish financial group Aktia 's operating profit for 2009 increased to EUR 47.0 mn from EUR 6.6 mn in 2008 .,increased,1.0,Happy
132,Finnish forest machinery manufacturer Ponsse 's net sales grew to EUR 51.3 mn in the first quarter of 2010 from EUR 37.5 mn in the corresponding period in 2009 .,grew,1.0,Confused
133,Finnish KCI Konecranes has raised its net sales growth estimate for 2006 from over 25 % to over 35 % .,raised,1.0,Confused
134,Finnish Okmetic that manufactures and processes silicon wafers for the semiconductor and sensor industries and Norwegian solar wafer company NorSun have signed a contract under which Okmetic will supply NorSun mono silicon crystals for use in solar cell manufacturing .,signed a contract,1.0,Confused
135,Finnish pharmaceuticals company Orion 's net sales rose to EUR 190mn in the first quarter of 2009 from EUR 180mn in the first quarter of 2008 .,rose,1.0,Happy
136,"Finnish Ponsse has signed an agreement with Babcock Africa for the distribution and support of Ponsse forest machines , harvester heads , and information systems in South Africa .",signed an agreement,1.0,Happy
137,South African Sappi will become the largest foreign forest industry company operating in Finland as a result of the acquisition Finnish M-real Corporation 's Graphic Papers Business unit ., largest,1.0,Happy
138,According to Deputy MD Pekka Silvennoinen the aim is double turnover over the next three years .,double turnover,1.0,Confused
139,"According to HKScan Finland , the plan is to increase J+Ãâ rvi-Suomen Portti 's net sales to EUR 80mn to EUR 100mn .", increase,1.0,Confused
140,"Advertising and circulation revenues grew by 3.4 % and by 0.4 % , respectively .",grew,1.0,Happy
141,"After the takeover , Cramo will become the second largest rental services provider in the Latvian market .",largest ,1.0,Confused
142,"Again , the most significant sales increase of 18.6 % was in Russia .",sales increase,1.0,Happy
143,Alma Media expects its net sales to increase as forecast previously .,sales increase,1.0,Confused
144,Also Lemmink+Ãâ inen 's profit for accounting period went up to EUR 3.1 mn from EUR -24.5 mn a year ago .,went up,1.0,Confused
145,"At the end of March 2007 , the group 's order book was at EUR 39.6 mn , up 42 % from the corresponding period in 2006 .",up,1.0,Happy
146,"At the same time profit of the company increased by 10 % in H1 and reached Ls 79,000 .",profit increased,1.0,Happy
147,"Besides we have increased the share of meat in various sausages and are offering a number of new tastes in the grill products and shish kebabs segment , '' Paavel said .",increased the share,1.0,Happy
148,"Both operating profit and net sales for the 12-month period increased , respectively from EUR10 .5 m and EUR28 .8 m , as compared to the financial year 2004 .",profit and sales increased,1.0,Happy
149,"Both operating profit and net sales for the 12-month period increased , respectively from EUR20 .8 m and EUR177 .7 m , as compared to the financial year 2004 .",profit and sales increased,1.0,Happy
150,"Both operating profit and net sales for the 12-month period increased , respectively from EUR21 .5 m and EUR196 .1 m , as compared to 2005 .",profit and sales increased,1.0,Happy
151,"Both operating profit and net sales for the 12-month period increased , respectively from EUR4 .7 m and EUR26 .7 m , as compared to 2004 .",profit and sales increased,1.0,Happy
152,"Both operating profit and net sales for the nine-month period increased , respectively by 26.6 % and 3.4 % , as compared to the corresponding period in 2006 .",profit and sales increased,1.0,Happy
153,"Both operating profit and net sales for the six-month period increased , respectively , from EUR13 .8 m and EUR143 .6 m , as compared to the corresponding period in 2007 .",profit and sales increased,1.0,Happy
154,"Both operating profit and net sales for the six-month period increased , respectively from EUR0 .4 m and EUR3 .2 m , as compared to the corresponding period in 2005 .",profit and sales increased,1.0,Happy
155,"Both operating profit and net sales for the six-month period increased , respectively from EUR18 .1 m and EUR127 .6 m , as compared to the corresponding period in 2006 .",profit and sales increased,1.0,Happy
156,"Both operating profit and net sales for the six-month period increased , respectively from EUR7 .5 m and EUR655 .5 m , as compared to the corresponding period in 2005 .",profit and sales increased,1.0,Happy
157,"Both operating profit and net sales for the three-month period increased , respectively from EUR15 .1 m and EUR131 .5 m , as compared to the corresponding period in 2005 .",profit and sales increased,1.0,Happy
158,"Both operating profit and net sales for the three-month period increased , respectively from EUR16 .0 m and EUR139m , as compared to the corresponding quarter in 2006 .",profit and sales increased,1.0,Happy
159,"Both operating profit and sales for the three-month period increased , respectively from EUR0 .3 m and EUR13 .1 m , as compared to the corresponding period in 2005 .",profit and sales increased,1.0,Happy
160,"Both operating profit and turnover for the nine-month period increased , respectively from EUR2 .4 m and EUR43 .8 m , as compared to the corresponding period a year ago .",profit and sales increased,1.0,Happy
161,"Both operating profit and turnover for the six-month period increased , respectively , from EUR17 .6 m and EUR1149 .9 m , as compared to the corresponding period in 2007 .",profit and sales increased,1.0,Happy
162,"Both operating profit and turnover for the six-month period increased , respectively from EUR0 .1 m and EUR29 .0 m , as compared to the corresponding period a year ago .",profit and sales increased,1.0,Happy
163,Cargo volume grew by 7 % .,grew,1.0,Happy
164,Cargo volume increased by approximately 5 % .,increased,1.0,Happy
165,"comparable operating profit totaled EUR 854mn , up from EUR 730mn in 2004 .",uo from,1.0,Confused
166,"Digia said its consolidated net sales for January-June 2010 were EUR67 .8 m , up 9.7 % on the same period in 2009 ( EUR61 .9 m ) .",up,1.0,Confused
167,Diluted earnings per share ( EPS ) rose to EUR 0.29 from EUR 0.05 .,rose,1.0,Confused
168,Diluted earnings per share ( EPS ) rose to EUR 0.52 versus EUR 0.09 .,rose,1.0,Confused
169,Diluted earnings per share ( EPS ) rose to EUR 1.05 from EUR 0.64 .,rose,1.0,Confused
170,Diluted earnings per share ( EPS ) rose to EUR 3.68 from EUR 0.50 .,rose,1.0,Confused
171,Diluted EPS rose to EUR3 .68 from EUR0 .50 .,rose,1.0,Confused
172,EBIT margin was up from 1.4 % to 5.1 % .,uo from,1.0,Confused
173,"EPS for the quarter was EUR0 .00 , as compared with EUR0 .01 in the third quarter of 2008 , representing a Group net sales for the third quarter were EUR15 .3 m , up by 2.8 % as compared with EUR14 .9 m in the third quarter of 2008 .",up by ,1.0,Happy
174,"EPS from continuing operations came in at 0.30 eur , up from 0.17 .",up from ,1.0,Confused
175,"Equity ratio was 60.9 % compared to 54.2 % In the third quarter of 2007 , net sales of the Frozen Foods Business totaled EUR 11.0 , up by about 5 % from the third quarter of 2006 .",up by ,1.0,Confused
176,"EUR928 ,000 in Q1 2010 6 May 2010 - Finnish textile and clothing design company Marimekko Oyj ( HEL : MMO1V ) said today its net profit rose to EUR928 ,000 in the first quarter of 2010 from EUR13 ,000 in the corresponding period a year earlier .",rose,1.0,Confused
177,"Finland-based Elcoteq SE , a privately held provider of electronics manufacturing services to communications companies , said Thursday it signed a long-term manufacturing supply deal with communications equipment company Andrew Corp. .", signed,1.0,Happy
178,Finnish cutlery and hand tools maker Fiskars Oyj Abp ( HEL : FISAS ) said today its net profit rose to EUR 24.1 million ( USD 33.6 m ) in the third quarter of 2010 from EUR 17.9 million a year earlier ., rose,1.0,Confused
179,Finnish department store chain Stockmann Oyj Abp net profit rose to 39.8 mln euro ( $ 56.8 mln ) for the first nine months of 2007 from 37.4 mln euro ( $ 53.4 mln ) for the same period of 2006 ., rose,1.0,Happy
180,"Finnish lifting equipment maker Konecranes Oyj said on July 30 , 2008 that its net profit rose to 71.2 mln euro ( $ 111.1 mln ) for the first half of 2008 from 57.1 mln euro ( $ 89.1 mln ) for the same period of 2007 .", rose,1.0,Happy
181,Finnish messaging solutions developer Tecnomen Corporation ( OMX Helsinki : TEM1V ) said on Thursday ( 11 December ) that it has received an expansion order for its Convergent Charging solution in Latin America ., rose,1.0,Confused
182,Finnish metal industry solutions supplier Outotec Oyj net profit rose to 50.4 mln euro ( $ 72.5 mln ) for the first nine months of 2007 from 20.1 mln euro ( $ 28.9 mln ) for the same period of 2006 ., rose,1.0,Happy
183,Finnish metal products company Componenta Oyj net profit rose to 26.1 mln euro ( $ 35.9 mln ) for the first quarter of 2007 from 5.3 mln euro ( $ 7.3 mln ) for the same period of 2006 ., rose,1.0,Happy
184,Finnish office supplies and computer accessories dealer Beltton-Group Plc said its net profit rose to 1.3 mln euro ( $ 1.7 mln ) in 2006 from 1.13 mln euro ( $ 1.5 mln ) in 2005 ., rose,1.0,Confused
185,"Finnish security and privacy software solutions developer Stonesoft Oyj said on January 7 , 2008 that the preliminary sales of its StoneGate products grew by 59 pct year-on-year to 3.6 mln euro ( $ 5.3 mln ) for the fourth quarter of 2007 .",grew up,1.0,Happy
186,"Finnish silicon wafer technology company Okmetic Oyj ( OMX Helsinki : OKM1V ) reported on Thursday ( 7 August ) an operating profit of EUR5 .3 m for the period January-June 2008 , up from EUR3 .3 m in the corresponding period in 2007 .", up from,1.0,Confused
187,Finnish software developer Done Solutions Oyj said its net profit increased to 3.5 mln euro ( $ 4.6 mln ) in 2006 from 2.3 mln euro ( $ 3.0 mln ) in 2005 .,increased,1.0,Confused
188,First quarter underlying operating profit rose to 41 mln eur from 33 mln a year earlier .,rose,1.0,Confused
189,"Following the acquisition , Relacom will strengthen its presence in Finland , serving operators and office market with mobile and fixed networks construction , installation and maintenance services .",strengthen,1.0,Happy
190,"For the first nine months of 2010 , the company 's net profit rose to EUR41m from EUR30m for the corresponding period of 2009 .",rose,1.0,Happy
191,"HELSINKI ( AFX ) - Retail and wholesale group Kesko reported net sales of 659.4 mln eur for February , an increase of 10.8 pct year-on-year .",increase,1.0,Confused
192,"However , net sales in 2010 are seen to have grown to EUR598 .3 m from EUR582 .3 m in 2009 .",grawn,1.0,Confused
193,"However , sales returned to growth in April-June 2010 , CEO Pekka Eloholma said .",grawth,1.0,Confused
194,"Ragutis , which is controlled by the Finnish brewery , reported a 5.4-per-cent rise in beer sales to 10.44 million litres and held an 11.09-per-cent market share .",rise,1.0,Confused
195,"Svyturys-Utenos Alus , which is controlled by the Nordic group Baltic Beverages Holding ( BBH ) , posted a 4.7-per-cent growth in beer sales for January-May to 46.22 million litres .",growth,1.0,Confused
196,"In 2007 , Contempus generated revenue of NOK 69.3 ( approx .",generated,0.0,Happy
197,"In addition , Kone signed a two-year maintenance contract for the escalators .",signed,1.0,Confused
198,"In December alone , the members of the Lithuanian Brewers ' Association sold a total of 20.3 million liters of beer , an increase of 1.9 percent from the sales of 19.92 million liters in December 2004 .",increased,1.0,Happy
199,"In January-September 2009 , the Group 's net interest income increased to EUR 112.4 mn from EUR 74.3 mn in January-September 2008 .",increased,1.0,Happy
200,"In Q1 of 2010 , Bank of +_land 's net interest income increased from EUR 9.1 mn to EUR 9.7 mn .",increased,1.0,Confused
201,"In Sweden , operating profit for the period under review totaled EUR 3.4 mn , up 30.8 % from the corresponding period in 2005 .",up,1.0,Happy
202,"In the fourth quarter of 2009 , Orion 's net profit went up by 33.8 % year-on-year to EUR33m .",went up,1.0,Happy
203,"In the second quarter of 2010 , the group 's net profit rose to EUR 3.1 million from EUR 2.5 million in April-June 2009 .",rose,1.0,Happy
204,"In the second quarter of 2010 , the group 's net profit rose to EUR3 .1 m from EUR2 .5 m in April-June 2009 .",rose,1.0,Unhappy
205,"In the third quarter , net sales increased by 12 % year-on-year to EUR 159.5 million , or by 6 % at comparable currency rates growth .",increased,1.0,Happy
206,"In the third quarter , net sales increased by 12 % year-on-year to EUR159 .5 m , or by 6 % at comparable currency rates growth .",increased,1.0,Happy
207,Its market share widened to 48.51 percent from 48.31 percent a year earlier .,widened,1.0,Confused
208,Its total annual revenue comes up to about 160 mln zloty ( $ 56.9 mln-42 .3 mln euro ) .,comes up,0.0,Confused
209,"Kesko Agro Eesti , the retailer and wholesaler of grain , agricultural and warehousing machinery and accessories , had net sales of 81 million euros in 2007 , an increase by one-tenth over the preceding year .", increase by,1.0,Confused
210,"Kesko 's car import and retailing business , VV-Auto , saw sales grow by 17.1 pct .",grow,1.0,Happy
211,Kone 's net sales rose by some 14 % year-on-year in the first nine months of 2008 .,rose,1.0,Confused
212,"( ADP News ) - Feb 11 , 2009 - Finnish management software solutions provider Ixonos Oyj ( HEL : XNS1V ) said today its net profit rose to EUR 3.5 million ( USD 4.5 m ) for 2008 from EUR 3.1 million for 2007 .",rose,1.0,Confused
213,"( ADP News ) - Feb 12 , 2009 - Finnish IT solutions provider Affecto Oyj ( HEL : AFE1V ) said today its net profit rose to EUR 8.5 million ( USD 11m ) in 2008 from EUR 7 million in 2007 .",rose,1.0,Confused
214,"( ADP News ) - Feb 6 , 2009 - Finnish fishing tackle company Rapala VMC Corp ( HEL : RAP1V ) said today its net profit rose to EUR 19.2 million ( USD 24.6 m ) for 2008 from EUR 17.5 million for 2007 .",rose,1.0,Confused
215,"( ADP News ) - Nov 5 , 2008 - Finnish electronic measurement products and solutions maker Vaisala Oyj ( OMX : VAIAS ) said today that its net profit rose to EUR 18 million ( USD 23.1 m ) for the first nine months of 2008 from EUR 1",rose,1.0,Confused
216,"( ADP News ) - Oct 29 , 2008 - Finnish lifting equipment maker Konecranes Oyj ( OMX : KCR1V ) said today that its net profit rose to EUR 116.6 million ( USD 149.1 m ) in the first nine months of 2008 from EUR 73.6 million for the s",rose,1.0,Confused
217,"Metso expects its net sales to increase by about 10 % in 2008 , at comparable exchange rates .", increase,1.0,Confused
218,"Neste Oil Corp. has signed long-term procurement contracts with Honkajoki Oy and Findest Protein Oy , both owned by Finnish food manufacturers , for the supply of animal fat for biodiesel production at Neste 's 200,000 b-cd Porvoo , Finland , refinery .",signed,1.0,Happy
219,Net interest income increased by 4.5 % to EUR 31.4 mn from EUR 30.0 mn in 2004 .,increased,1.0,Confused
220,"Net interest income was EUR 152.2 mn , up from EUR 101.0 mn in 2008 .",up from ,1.0,Confused
221,"Net interest income was EUR 39.3 mn , up from EUR 32.7 mn .",up from ,1.0,Confused
222,Net sales of the Vegetable Oil Business rose to EUR 10.6 mn from EUR 10.1 mn .,rose,1.0,Confused
223,"Nokia Multimedia 's net sales totaled EUR 5.7 bn , up 45 % from the corresponding period in 2005 .",up,1.0,Happy
224,Operating income rose to EUR 696.4 mn from EUR 600.3 mn in 2009 .,rose,1.0,Happy
225,"Operating profit of Kauppalehti group rose to EUR 1.5 mn from EUR 1.3 mn , and that of Marketplaces to EUR 1.3 mn from EUR 1.0 mn in the third quarter of 2006 .",rose,1.0,Happy
226,Operating profit rose from EUR 1.94 mn to EUR 2.45 mn .,rose,1.0,Confused
227,Operating profit rose to 22.1 mln eur from 19.9 mln .,rose,1.0,Confused
228,Operating profit rose to EUR 1.6 mn from EUR 1.1 mn in the corresponding period in 2006 .,rose,1.0,Happy
229,Operating profit rose to EUR 103.4 mn from EUR 23.2 in the corresponding period in 2006 .,rose,1.0,Happy
230,Operating profit rose to EUR 13.5 mn from EUR 9.7 mn in the corresponding period in 2006 .,rose,1.0,Happy
231,Operating profit rose to EUR 26.7 mn from EUR 14.9 mn in the corresponding period in 2006 .,rose,1.0,Happy
232,Operating profit rose to EUR 27.8 mn from EUR 17.5 mn in 2008 .,rose,1.0,Happy
233,Operating profit rose to EUR 3.2 mn from EUR 1.0 mn in the corresponding period in 2008 .,rose,1.0,Happy
234,Operating profit rose to EUR 4.7 mn from EUR 3.6 mn .,rose,1.0,Happy
235,Operating profit rose to EUR 4.7 mn from EUR 4.6 mn .,rose,1.0,Happy
236,Operating profit rose to EUR 9.2 mn from EUR 6.8 mn in the corresponding period in 2007 .,rose,1.0,Happy
237,Operating profit rose to EUR2 .4 m from EUR1 .6 m year earlier .,rose,1.0,Happy
238,"Operating profit surged to EUR21m from EUR106 ,000 .",surged,1.0,Confused
239,"Operating profit totaled EUR 37,7 mn , up slightly from EUR 37.2 mn in the corresponding period in 2006 .",up,1.0,Confused
240,"Operating profit totaled EUR 5.5 mn , up from EUR -0.7 mn .",uo from,1.0,Confused
241,"Operating profit was EUR 11.4 mn , up from EUR 7.5 mn .",up from ,1.0,Confused
242,"Operating profit was EUR 139.7 mn , up 23 % from EUR 113.8 mn .",up,1.0,Happy
243,"Order intake grew by 40 % year-on-year and 30 % year-on-year , respectively , to EUR 576 million and EUR 1.7 billion for the respective January-September and July-September 2010 periods .",grew,1.0,Happy
244,Orders received grew by 55 % year-on-year to EUR732m .,gre,1.0,Happy
245,Orion Pharma 's operating profit increased by 42.5 % from 2004 .,increased,1.0,Happy
246,Passenger volumes rose by 8.4 % in the accounting period .,rose,1.0,Happy
247,Passenger-related revenue rose by 5.1 % to EUR 460.8 mn from EUR 438.5 mn in 2009 .,rose,1.0,Happy
248,"Press release 9 October 2009 Ruukki has signed a contract to deliver and install the steel structures for a bridge over the Kyronsalmi strait in Savonlinna , Finland .",signed,1.0,Happy
249,Pretax profit rose to EUR 0.6 mn from EUR 0.4 mn in the corresponding period in 2005 .,rose,1.0,Happy
250,"Pretax profit rose to EUR 1,019 mn from EUR 1,007 in the corresponding period in 2005 .",rose,1.0,Happy
251,Pretax profit rose to EUR 17.8 mn from EUR 14.9 mn in 2005 .,rose,1.0,Happy
252,"Pre-tax profit totaled EUR 397.4 mn , up from EUR 164.7 mn .",up from ,1.0,Confused
253,"Previously , the company had guided for EBIT and sales growth of 20 pct and 10 pct respectively for this year .",growth,1.0,Confused
254,"Profit for the period totaled EUR 39.4 mn , up from EUR 33.9 mn in the corresponding period in 2006 .",up from ,1.0,Confused
255,"Profit for the period was EUR 5.9 mn , up from EUR 1.3 mn .",up from ,1.0,Happy
256,"Profit for the period was EUR 9.8 mn , up from EUR 6.0 mn in 2004 .",up from ,1.0,Happy
257,Revenue grew 12 percent to (  x20ac ) 3.6 billion ( US$ 4.5 billion ) .,grew,1.0,Happy
258,"Revenue in July to September grew 14 percent to ( EURO ) 467 million from a year earlier , the company said Thursday .",grew,1.0,Happy
259,Revenues at the same time grew 14 percent to 43 million euros .,grew,1.0,Happy
260,"Ruukki has signed a contract to deliver and install the steel structures for a bridge over the Kyronsalmi strait in Savonlinna , Finland .",signed,1.0,Happy
261,"Sales in Latin America increased by 42 % to EUR 432mn , and a total of 8.7 mn mobile devices were sold in the area , representing an increase of 32 % from the corresponding period in 2009 .",increased,1.0,Happy
262,Sales of clothing developed best .,developed,1.0,Happy
263,Sanoma Magazines Finland 's net sales grew to EUR 140.1 mn from EUR 131.8 mn .,grew,1.0,Confused
264,"Satama 's net profit for the third quarter of 2007 rose to 275,000 euro ( $ 395,000 ) from 270,000 euro ( $ 388,000 ) for the same period of 2006 .",rose,1.0,Confused
265,"Section : Regional News - The demand in Finnair 's Asian traffic , measured in passenger kilometers , was up 34.9 % in August compare to last year .",up,1.0,Confused
266,"Svyturys-Utenos Alus , which is controlled by the Nordic group Baltic Beverages Holding ( BBH ) , posted a 6.1 percent growth in beer sales for January-September to 101.99 million liters .",growth,1.0,Confused
267,That would be an increase from estimated sales of 117 million last year .,increase,1.0,Happy
268,The agreement expands Tekla Structures ' scope of use to bridge design .,expands,1.0,Confused
269,The aim is to increase sales by at least one fifth in 2006 .,increase,1.0,Confused
270,"The chain posted sales of 298 million euros for full 2005 , a rise of 19.5 percent , year-on-year .",rise,1.0,Confused
271,The company expects its net sales in 2008 to increase 5-10 % from 2007 .,increase,1.0,Happy
272,"The company is in the process of building a new fleet and has placed orders for 10 P-Max tankers of 65,200 dwt .", building a new fleet,1.0,Confused
273,"The company 's operating income ( EBIT ) totalled EUR 0.0 mn , up from EUR -0.3 mn year-on-year .",up from,1.0,Confused
274,The EPS outlook was increased by 5.6 pct for 2007 and 7.0 pct for 2008 .,increased,1.0,Happy
275,"The fair value of the investment properties totaled EUR 2,534.9 mn , up from EUR 2,455.1 mn in 2006 .",up from ,1.0,Confused
276,"The Finnish government announced Wednesday that it sold a 32 percent stake in chemicals and fertilizer group Kemira Oyj for (  x20ac ) 655.6 million ( $ 890US million ) , sending the company 's share price up 6 percent .",price up,1.0,Happy
277,The firm generated sales of 187 mln eur in 2005 .,generated,0.0,Happy
278,"The German company has also signed a code share agreement with another Oneworld member -- American Airlines Inc , part of US-based AMR Corp ( NYSE : AMR ) .",signed,1.0,Confused
279,"The Helsinki-based company , which also owns the Salomon , Atomic and Suunto brands , said net profit rose 15 percent in the three months through Dec. 31 to (  x20ac ) 47 million ( $ 61US million ) , from (  x20ac ) 40.8 million a year earlier .",rose,1.0,Happy
280,The increase in capital stock has been registered in the Finnish Trade Register on 20 November 2006 .,increase,1.0,Happy
281,The operating profit for Grain Trading increased to EUR 2.0 mn from EUR 1.4 mn in 2005 .,increase,1.0,Happy
282,The stock rose for a second day on Wednesday bringing its two-day rise to GBX12 .0 or 2.0 % .,rose,1.0,Happy
283,The stock rose for a third day on Tuesday bringing its three-day rise to GBX10 .50 or 1.8 % .,rose,1.0,Happy
284,The transaction is in line with Aspo 's strategy to expand in the Baltic Sea region and in the eastern markets .,expand,1.0,Happy
285,The transactions would increase earnings per share in the first quarter by some EUR0 .28 .,increase,1.0,Happy
286,"There has been some recovery of the base metals prices and increased demand for metals in China , however .",increase,1.0,Confused
287,"This new representation extends Comptel 's global presence to a total of 18 countries , serving over 250 customers in over 80 countries worldwide .",extends,1.0,Happy
288,"TietoEnator itself uses Nokia 's Intellisync Mobile Suite 's wireless email , calendar , and device management capabilities , and the company will now extend these services to its customers .",extend,1.0,Confused
289,Total operating revenue grew by 27.6 % year-on-year to EUR61m .,grew,1.0,Happy
290,Vacon 's cash flow from operations grew to EUR 37.1 mn from EUR 21.9 mn a year ago .,grew,1.0,Confused
291,"We also strengthen our existing partnership with Cybercom '' , says Teleste CTO Esko Myllyla .",strengthen,1.0,Confused
292,"Via the Satlan acquisition , Teleste plans to further expand its market presence as a video services partner for cable operators , broadcasters and IPTV service providers .",expand,1.0,Confused
293,"With the acquisition , the company will expand its offering to North , Central and South America , it said .",expand,1.0,Happy
294,"With the extension of the new contract for a further eight engines , the plant will now produce over 100 MW , it said .",extension,1.0,Confused
295,YIT says the acquisition is a part of its strategy for expansion in Central and Eastern European markets .,expansion,1.0,Happy
296,"`` BasWare 's product sales grew strongly in the financial period , by 24 percent .",grew,1.0,Happy
297,"`` The second quarter of 2010 was the firstquarter with growth in net sales since the third quarter of2008 , '' said Magnus Rosen , Ramirent CEO .",growth,1.0,Confused
298,"`` The transaction strengthens our position ... in design and branded goods , '' said Fiskars president and CEO Heikki Allonen , pointing out that the two groups have relatively few overlapping operations .",strengthens,1.0,Confused
299,1 February 2011 - Finnish textile and clothing company Marimekko Oyj HEL : MMO1V said today its preliminary operating profit grew to EUR8 .2 m in 2010 from EUR6 .3 m in 2009 .,grew,1.0,Happy
300,"Finnish Larox has signed a contract with the Talvivaara Project for the delivery of filters to the Talvivaara nickel mine in Sotkamo , in Finland .",signed,1.0,Happy
301,Affecto expects its net sales for the whole 2010 to increase from the 2009 level when they reached EUR 103 million .,increase,1.0,Happy
302,Cash flow from operations rose to EUR 52.7 mn from EUR 15.6 mn in 2007 .,rose,1.0,Confused
303,Commission income rose by 25.7 % to EUR 16.1 mn from EUR 12.8 mn in 2004 .,rose,1.0,Confused
304,Componenta 's objective with this agreement is to increase business on its existing production lines .,increase,1.0,Happy
305,"Earnings per share for January-June 2010 were EUR0 .30 , an increase of 20 % year-on-year EUR0 .25 .",increase,1.0,Happy
306,Earnings per share EPS rose to EUR 0.11 from EUR 0.03 .,rose,1.0,Happy
307,"Elisa said mobile subscriptions grew 7 percent during 2007 , mainly because of customers adopting so-called third generation mobile technology .",grew,1.0,Unhappy
308,"EPS for the quarter came in at 0.36 eur , up from 0.33 eur a year ago and ahead of forecast of 0.33 eur .",up from ,1.0,Happy
309,EPS grew to 0.04 eur from 0.02 eur .,grew,1.0,Confused
310,Exports grew 16.5 percent to 19.1 million liters .,grew,1.0,Happy
311,"Finnish investment group Panostaja Oyj said its net profit went up to 8.6 mln euro $ 11.4 mln in fiscal 2005-06 , ended October 31 , 2006 , from 2.8 mln euro $ 3.7 mln in the same period of fiscal 2004-05 .",went up,1.0,Happy
312,Finnish metal components supplier Componenta Oyj said its net profit went up to 3.5 mln euro $ 4.5 mln in 2006 from 2.2 mln euro $ 2.8 mln in 2005 .,went up,1.0,Confused
313,"Finnish silicon wafer technology company Okmetic Oyj OMX Helsinki : OKM1V reported on Thursday 30 October an operating profit of EUR7 .4 m for January-September 2008 , up from EUR6 .1 m in the corresponding period in 2007 .",up from,1.0,Confused
314,"Fiskars Brands report net sales of EUR 145.8 mn , up from EUR 138.4 mn .",up from,1.0,Confused
315,"GeoSentric Oyj s GeoSolutions Business Unit GyPSii , the mobile digital lifestyle application and geo-mobility social networking platform , has went up an agreement with Nanjing MyNet to make the GyPSii mobile social networking platform available to customers of China Mobile .",went up,1.0,Confused
316,HELSINKI AFX - Outokumpu Technology said it has signed a 3.5 mln eur agreement with Mongolia 's Erdenet Mining Corporation for the engineering of the first HydroCopper plant to be built at the Erdenet mine site ., signed,1.0,Happy
317,"However , the proportion of the paid standing orders grew in 2009 .",grew,1.0,Happy
318,"In addition to the demand in Finland , the export of lining stone products also increased .",increased,1.0,Happy
319,"In January-September 2007 , the group 's net sales from continuing operations rose to EUR 213.1 mn from EUR 172.6 mn in the corresponding period in 2006 .",rose,1.0,Happy
320,"In July-September 2008 , YIT 's net sales increased to EUR 970.8 mn , compared to EUR 906.8 mn in the corresponding period in 2007 .", increased,1.0,Happy
321,"In the reporting period , net sales rose by 8 % year-on-year to EUR64 .3 m , due to the business acquisitions realized during the first half of 2008-09 , the effect of which was EUR10 .9 m in the review period .",rose,1.0,Happy
322,"In the reporting period , the company 's operating profit grew by 43.2 % to EUR 6 million .",grew,1.0,Happy
323,Last year 's net sales rose to EUR 68.3 million from EUR 62.2 million .,rose,1.0,Confused
324,"Last year the company raised its turnover to approximately 7 million litas EUR 2 mln , from 6.1 million litas in 2004 .",raised,1.0,Happy
325,"ADP News - Nov 18 , 2008 - Finnish AC drives manufacturer Vacon Oyj OMX : VAC1V said today that it had set up new representative offices in Romania and Ukraine to serve the growing markets in eastern and southeastern Europe .",set up,1.0,Happy
326,Marimekko Group 's full-year net sales are estimated to increase by about 10 % .,increased,1.0,Confused
327,Net sales surged by 30 % to EUR 36 million .,surged,1.0,Happy
328,"Net sales went up by 1 % year-on-year to EUR 29 million , affected by the business acquisitions , realized during the previous financial period , the effect of which was EUR 5.1 million on the review period .",went up,1.0,Happy
329,"Nevertheless , its market share rose to 49.14 percent from 48.51 percent a year earlier .",rose,1.0,Confused
330,Nokia - the world 's largest mobile phone manufacturer - and China Postel - China 's largest mobile phone distributor - have a long-standing partnership that continues to grow stronger over time .,grow stronger,1.0,Happy
331,"October-December sales were 302 mln eur , or a 25.3 pct increase year on year .", increase,1.0,Confused
332,"Olvi , which controls a 94 percent stake in Ragutis through A. Le Coq , said in its annual report published earlier this year that the Lithuanian brewery 's sales reached 15.04 million euros last year , a rise of 20.4 percent from 12.49 million euros in 2004 .",rise,1.0,Confused
333,Olvi expects sales and market share to increase in the first quarter of 2010 ., increase,1.0,Confused
334,Operating profit increased to EUR 14.0 mn from EUR 4.9 mn in the corresponding period in 2005 .,increased,1.0,Happy
335,Operating profit of the Asian plants grew markedly .,grew,1.0,Confused
336,"Operating profit totaled EUR 825mn , up from EUR 763mn in 2004 .",up from,1.0,Confused
337,"Operating profit totalled EUR 83.0 mn , up from EUR 23.5 mn year-on-year .",up from,1.0,Confused
338,Production capacity will increase from 36 000 to 85 000 tonnes per year and the raw material will continue to be recycled paper and board ., increase,1.0,Happy
339,Profit for the period increased from EUR 2.9 mn to EUR 10.5 mn ., increase,1.0,Happy
340,"Profit per share was EUR 1.03 , up from EUR 0.87 .",up from,1.0,Confused
341,Return on capital employed rose by 4.8 percentage points to 19.6 % .,rose,1.0,Confused
342,"Revenue from July to September grew 21 percent to EURO 2.3 billion , the Finnish company said Thursday .",grew,1.0,Happy
343,Revenue grew 1 percent to euro742 .2 million US$ 964 million from euro735 million .,grew,1.0,Happy
344,Ruukki 's order book at the end of 2010 was 30 % up year-on-year and 10 % up quarter-on-quarter .,up,1.0,Confused
345,Ruukki signed the contract with Norwegian company Veidekke Entreprenor AS .,signed,1.0,Happy
346,Sales in Finland rose by 3.9 % and international growth was 0.7 % .,rose,1.0,Happy
347,Sales of security and system packaging increased slightly .,increased,1.0,Happy
348,Stora Enso 's third-quarter pre-tax profit doubled to EUR 197mn .,doubled,1.0,Confused
349,"Strongest growth was seen in the new markets in Russia , the Czech Republic , and Slovakia .",growth,1.0,Happy
350,"The company is now intensifying its smelter operations and increasing its annual production capacity to 230,000 tonnes of copper .",increasing,1.0,Confused
351,The company 's market share is continued to increase further .,increase,1.0,Happy
352,"The company 's scheduled traffic , measured in revenue passenger kilometres RPK , grew by just over 2 % and nearly 3 % more passengers were carried on scheduled flights than in February 2009 .",grew,1.0,Happy
353,"The company said that its investments in the new market areas resulted in sales increase in Sweden , Poland , Russia and Lithuania .",increase,1.0,Happy
354,"The disposal of Autotank will also strengthen Aspo 's capital structure , '' commented Gustav Nyberg , CEO of Aspo .",strengthen,1.0,Confused
355,"The earnings per share for the quarter came in at 0.25 eur , up from the 0.20 eur of the same quarter a year earlier .",up from,1.0,Happy
356,The economic occupancy rate of Sponda 's property portfolio rose to 91.2 % from 88.8 % in 2006 .,rose,1.0,Happy
357,The group 's 12-month operating profit grew 31 percent to 337.8 million euros .,grew,1.0,Happy
358,"The growth in the activeness of Talentum 's customers , which started at the end of 2009 , continued during the reporting period , the company stated .",growth,1.0,Unhappy
359,The growth of net sales in the first half of 2008 has been 28 % compared with the first half of 2007 .,growth,1.0,Confused
360,The pretax profit of the group 's life insurance business increased to EUR 36 million from EUR 27 million .,increased,1.0,Confused
361,The pretax profit of the group 's life insurance business increased to EUR36m from EUR27m .,increased,1.0,Confused
362,"The total delivery volume of paper businesses in 2010 was 1,155,000 tonnes , up from 1,132,000 tonnes in 2009 .",up from,1.0,Confused
363,The value of the firm 's forestry holdings increased by SEK 3.6 bn .,increased,1.0,Happy
364,"This new deal has strengthened the partnership from Telemig Celular and Tecnomen , which it has started since the beginning of Telemig 's prepaid operations .",strengthened,1.0,Confused
365,Turnover rose to EUR21m from EUR17m .,rose,1.0,Confused
366,"Xerox and Stora Enso have teamed up to tailor the iGen3 to the short-run , on-demand packaging market .",teamed up,1.0,Confused
367,YIT Construction and the town of Riihim+Ãâ ki have signed a lease contract whereby the town will occupy the Travel Centre office facilities .,signed a lease,1.0,Confused
368,"The upgrade is intended to raise the network capacity from 450 MHz to 630 MHz in several cities , enabling bi-directional services for digital television as well as broadband data .",raise,1.0,Confused
369,"Lead production , in turn , should increase to 60,000 tonnes through 2009 in what would be a twofold increase from current capacity levels , Zahariev said .",increase,1.0,Confused
370,"Separately , YIT Corporation and Austrian firm E AG last week signed an agreement on the sale of E 's building system service business in Germany , Austria , Poland , the Czech Republic , Hungary and Romania for EUR 55 mln .", signed,1.0,Happy
371,The company intends to raise production capacity in 2006 .,raised,1.0,Happy
372,"Thereby , the company will expand its offering to North , Central and South America .",expand,1.0,Happy
373,"To our members and partners , the use of IT will mostly be apparent in the increased efficiency of the results service , '' observes Perttu Puro from Tradeka .",increased,1.0,Unhappy
374,A tinyurl link takes users to a scamming site promising that users can earn thousands of dollars by becoming a Google ( NASDAQ : GOOG ) Cash advertiser .,scamming,-1.0,Confused
375,"Compared with the FTSE 100 index , which rose 36.7 points ( or 0.6 % ) on the day , this was a relative price change of -0.2 % .",-0.002,-1.0,Confused
376,"Compared with the FTSE 100 index , which rose 94.9 points ( or 1.6 % ) on the day , this was a relative price change of -0.4 % .",-0.004,-1.0,Confused
377,"Finland 's Nokian Tyres and Kazakhstan 's Ordabasy Corporation signed an agreement to build a plant in Astana to produce car tires , Ordabasy chairman Dinmukhamet Idrisov said at a press conference .",signed,1.0,Happy
378,Finnish business software group AffectoGenimap Oyj said it had signed an agreement to acquire all the shares in Swedish sector company Intellibis Ab for 12 mln euro ( $ 15.8 mln ) on a debt-free basis .,signed,1.0,Happy
379,"Finnish silicon wafers manufacturer Okmetic Oyj said on June 29 , 2007 it signed an agreement with Nordea Bank Finland Plc , the local subsidiary of Swedish commercial bank Nordea Bank AB , which will refinance Okmetic 's syndicated bank facility which amounts to some 20 mln euro ( $ 26.9 mln ) .",signed an agreement,1.0,Happy
380,"In September 2010 , the Finnish group agreed to buy Danish company Rose Poultry A-S for up to EUR23 .9 m in a combination of cash and stock .",rose,1.0,Happy
381,"is planning to expand its product portfolio in the harbor segment , chief executive Pekka Lundmark told Financial Times Deutschland .",expand,1.0,Confused
382,"KAUKO-TELKO LTD PRESS RELEASE 19.06.2007 AT 14.00 1 ( 1 ) Telko Group ( Kauko-Telko ) is expanding its strategic partnership with BP Industrial Lubricants & Services ( BP ILS ) by acquiring total ownership of BP 's Swedish retail company , Molub-Alloy AB .", expanding,1.0,Confused
383,"Production capacity will rise gradually from 170,000 tonnes to 215,000 tonnes .",rise,1.0,Confused
384,Ramirent s Danish subsidiary Ramirent A-S has today signed an agreement to acquire the business assets of the machinery rental company Jydsk Materiel Udlejning located in West Jutland .,signed,1.0,Happy
385,"The agreement will provide The Switch with double the converter capacity , whilst opening up further manufacturing locations in China .",double,1.0,Happy
386,"The company also said on November 16 , 2006 its Real Estate Fund I Ky signed an agreement with Finnish window maker Fenestra Oy to build a window plant in Forssa , southern Finland .",signed an agreement,1.0,Happy
387,The company has committed to further expanding the Apollo portfolio .,expanding,1.0,Happy
388,The contracts have been signed to acquire uranium produced at the Sotkamo nickel-zinc mine in eastern Finland owned by Talvivaara .,contracts have been signed,1.0,Happy
389,"Under the terms of the off-take agreement with Talvivaara , Cameco will provide an up-front investment , to a maximum of $ 60 million , to cover the construction cost of the uranium extraction circuit .",up,1.0,Confused
390,"Vaisala Oyj Press Release September 30 , 2010 Vaisala has signed a contract to sell its oxygen measurement technology and business to SICK Maihak GmbH .", signed,1.0,Happy
391,"- BEIJING XFN-ASIA - Hong Kong-listed Standard Chartered Bank said it has signed a China mobile phone dealer financing agreement with Nokia , making it the first foreign bank to offer financing to the country 's small and medium enterprise -LR", signed,1.0,Happy
392,"After the transaction , Alma Media raised its stake in Talentum to 30.65 % of the shares and some 31.12 % of voting rights .", raised,1.0,Confused
393,"As the largest elevator market in the world , Chinese output of elevators continued to rise to 262,000 units in 2009 , up about 5 % yr-on-yr .",up,1.0,Happy
394,"Compared with the FTSE 100 index , which rose 28.3 points or 0.5 % on the day , this was a relative price change of 2.3 % .",rose,1.0,Confused
395,Componenta increased its stake in Turkish steel company Doktas Dokumculuk Ticaret ve Sanayi A.S. to 92.6 pct stake in March 2007 .,increase,1.0,Happy
396,"Earnings per share EPS are seen at EUR 0.56 , up from EUR 0.38 .",up from,1.0,Confused
397,Estonia 's beer market overall grew three percent last year to 130 million liters .,grew,1.0,Happy
398,Finnish lifting equipment maker Konecranes HEL : KCR1V said on 29 July 2009 it has raised its stake in Austrian manipulator maker ACS Konecranes to 80 % and bought German sector player Knight Europe .,raise,1.0,Happy
399,"HELSINKI AFX - KCI Konecranes said it has raised its stake in MMH Holdings Inc , the owner of US-based Morris Materials Handling , to 90.9 pct from 74.5 pct .",raised,1.0,Confused
400,"ADPnews - Jun 30 , 2009 - Finnish stainless steel maker Outokumpu Oyj HEL : OUT1V said yesterday it signed a three-year EUR 900 million USD 1.3 bn revolving credit facility .",signed,1.0,Confused
401,Most of the increase in net sales was due to the acquisition of Swedish Silva that produces garden tools and boats .,increased,1.0,Happy
402,One of the challenges in the oil production in the North Sea is scale formation that can plug pipelines and halt production .,halt,-1.0,Confused
403,SysOpen Digia had signed an agreement with the main shareholders of Sentera holding in total 77.39 % of the share capital and votes of Sentera .,signed,1.0,Happy
404,The company plans to expand into the international market through its subsidiaries and distributors from 2011 onwards .,expand,1.0,Happy
